id,age,avg_glucose_level,bmi,stroke
1.0,0.0035380650422437493,0.0010923550575069499,0.0029989253180260685,0.006388170005146087
0.0035380650422437493,1.0,0.2381711141017428,0.32594247317361036,0.24525734617097422
0.0010923550575069499,0.2381711141017428,1.0,0.1687513512260403,0.13194544082570953
0.0029989253180260685,0.32594247317361036,0.1687513512260403,1.0,0.038946596512019996
0.006388170005146087,0.24525734617097422,0.13194544082570953,0.038946596512019996,1.0
