id,age,avg_glucose_level,bmi,stroke
1.0,0.0035380650422437493,0.0010923550575069499,0.0029989253180260464,0.006388170005146087
0.0035380650422437493,1.0,0.2381711141017428,0.32594247317361036,0.24525734617097422
0.0010923550575069499,0.2381711141017428,1.0,0.16875135122604035,0.13194544082570953
0.0029989253180260464,0.32594247317361036,0.16875135122604035,1.0,0.03894659651201996
0.006388170005146087,0.24525734617097422,0.13194544082570953,0.03894659651201996,1.0
